Trait,Mean,SD,Min,Max,Range,States_N
Openness,3.611721872693625,0.08073364524948508,3.507002801120448,3.7848,0.277797198879552,16
Conscientiousness,3.0799713612884827,0.025408045131026236,3.0077145612343297,3.1058,0.09808543876567022,16
Extraversion,3.760624101647174,0.07020240124033147,3.666333266653331,3.9686,0.3022667333466691,16
Agreeableness,3.62131429210787,0.07011467739755334,3.5245901639344264,3.7293458691738346,0.20475570523940823,16
Neuroticism,2.3460824931046442,0.1066547291435999,2.1014,2.469887955182073,0.368487955182073,16
